DocNumber,ReferenceNumber,Date,Inventor
7201580,3573359,April 1971,Guisinger
7201580,4006539,February 1977,Slomski
7201580,4037332,July 1977,Petrusinsky
7201580,4611996,September 1986,Stoner
7201580,4867685,September 1989,Brush et al.
7201580,5002491,March 1991,Abrahamson et al.
7201580,5029081,July 1991,Kagawa
7201580,5035625,July 1991,Munson et al.
7201580,5099431,March 1992,Natarajan
7201580,5164897,November 1992,Clark et al.
7201580,5220501,June 1993,Lawlor et al.
7201580,5224173,June 1993,Kuhns et al.
7201580,5251294,October 1993,Abelow
7201580,5255347,October 1993,Matsuba et al.
7201580,5259766,November 1993,Sack et al.
7201580,5302132,April 1994,Corder
7201580,5306154,April 1994,Ujita et al.
7201580,5306878,April 1994,Kubo
7201580,5316485,May 1994,Hirose
7201580,5326270,July 1994,Ostby et al.
7201580,5387104,February 1995,Corder
7201580,5416694,May 1995,Parrish et al.
7201580,5458494,October 1995,Krohn et al.
7201580,5506984,April 1996,Miller
7201580,5577919,November 1996,Collins et al.
7201580,5592375,January 1997,Salmon et al.
7201580,5597312,January 1997,Bloom et al.
7201580,5618182,April 1997,Thomas
7201580,5692906,December 1997,Corder
7201580,5727950,March 1998,"Cook, deceased et al."
7201580,5727951,March 1998,Ho et al.
7201580,5743746,April 1998,Ho et al.
7201580,5758079,May 1998,Ludwig et al.
7201580,5767897,June 1998,Howell
7201580,5788504,August 1998,Rice et al.
7201580,5794001,August 1998,Malone et al.
7201580,5794178,August 1998,Caid et al.
7201580,5794207,August 1998,Walker et al.
7201580,5794210,August 1998,Goldhaber et al.
7201580,5799292,August 1998,Hekmatpour
7201580,5809493,September 1998,Ahamed et al.
7201580,5823781,October 1998,Hitchcock et al.
7201580,5832497,November 1998,Taylor
7201580,5862325,January 1999,Reed et al.
7201580,5867799,February 1999,Lang et al.
7201580,5879165,March 1999,Brunkow et al.
7201580,5884270,March 1999,Walker et al.
7201580,5892900,April 1999,Ginter et al.
7201580,5896128,April 1999,Boyer
7201580,5904485,May 1999,Siefert
7201580,5907831,May 1999,Lotvin et al.
7201580,5920861,July 1999,Hall et al.
7201580,5978768,November 1999,McGovern et al.
7201580,5999908,December 1999,Abelow
7201580,6006191,December 1999,DiRienzo
7201580,6031577,February 2000,Ozkan et al.
7201580,6033226,March 2000,Bullen
7201580,6039575,March 2000,L'Allier et al.
7201580,6041311,March 2000,Chislenko et al.
7201580,6053739,April 2000,Stewart et al.
7201580,6077085,June 2000,Parry et al.
7201580,6141529,October 2000,Remschel
7201580,6146148,November 2000,Stuppy
7201580,6157808,December 2000,Hollingsworth
7201580,6186794,February 2001,Brown et al.
7201580,6282630,August 2001,Nguyen et al.
7201580,6292830,September 2001,Taylor et al.
7201580,6396954,May 2002,Kondo
7201580,6471521,October 2002,Dornbush et al.
7201580,2001/0037376,November 2001,Ullman et al.